Effect,F_value,p_value
Function Effect,3.7262757298004265,0.0029140318786375907
Offset Effect,1.8052557036844765,0.1804140554127892
Interaction,0.5676470837085901,0.7247588286576147